{
	"name": "window",
	"tree": {
	  "$className": "DataModel",
	  "HttpService": {
		"$className": "HttpService",
		"$properties": {
		  "HttpEnabled": true
		}
	  },
	  "Lighting": {
		"$className": "Lighting",
		"$properties": {
		  "Brightness": 2.0,
		  "GlobalShadows": true,
		  "Ambient": [
			0.0,
			0.0,
			0.0
		  ],
		  "Outlines": false,
		  "Technology": "Voxel"
		}
	  },
	  "StarterPlayer": {
		  "$className": "StarterPlayer",
		  "StarterPlayerScripts": {
			  "$className": "StarterPlayerScripts",
			  "$path": "./client"
		  }
	  },
	  "ReplicatedStorage": {
		"$className": "ReplicatedStorage",
		"Snapdragon": {
			"$path": "../../src"
		}
	  },
	  "SoundService": {
		"$className": "SoundService",
		"$properties": {
		  "RespectFilteringEnabled": true
		}
	  },
	  "Workspace": {
		"$className": "Workspace",
		"$properties": {
		  "FilteringEnabled": true
		},
		"Baseplate": {
		  "$className": "Part",
		  "$properties": {
			"Anchored": true,
			"Color": [
			  0.38823,
			  0.37254,
			  0.38823
			],
			"Size": [
			  512.0,
			  20.0,
			  512.0
			],
			"Locked": true,
			"Position": [
			  0.0,
			  -10.0,
			  0.0
			]
		  }
		}
	  }
	}
  }